<?xml version="1.0" encoding="UTF-8"?>
<project-private xmlns="http://www.netbeans.org/ns/project-private/1">
    <editor-bookmarks xmlns="http://www.netbeans.org/ns/editor-bookmarks/2" lastBookmarkId="0"/>
    <open-files xmlns="http://www.netbeans.org/ns/projectui-open-files/2">
        <group>
            <file>file:/C:/Users/Usuario/Documents/NetBeansProjects/PracticaBiblioteca/src/practicabiblioteca/Libro.java</file>
            <file>file:/C:/Users/Usuario/Documents/NetBeansProjects/PracticaBiblioteca/src/practicabiblioteca/LibroDigital.java</file>
            <file>file:/C:/Users/Usuario/Documents/NetBeansProjects/PracticaBiblioteca/src/practicabiblioteca/Ejecutable.java</file>
            <file>file:/C:/Users/Usuario/Documents/NetBeansProjects/PracticaBiblioteca/src/practicabiblioteca/Revista.java</file>
            <file>file:/C:/Users/Usuario/Documents/NetBeansProjects/PracticaBiblioteca/src/practicabiblioteca/Tesis.java</file>
            <file>file:/C:/Users/Usuario/Documents/NetBeansProjects/PracticaBiblioteca/src/practicabiblioteca/Publicacion.java</file>
            <file>file:/C:/Users/Usuario/Documents/NetBeansProjects/PracticaBiblioteca/src/practicabiblioteca/Prestamo.java</file>
            <file>file:/C:/Users/Usuario/Documents/NetBeansProjects/PracticaBiblioteca/src/practicabiblioteca/LibroFisico.java</file>
        </group>
    </open-files>
</project-private>
