<?xml version="1.0" encoding="UTF-8"?>
<project-private xmlns="http://www.netbeans.org/ns/project-private/1">
    <editor-bookmarks xmlns="http://www.netbeans.org/ns/editor-bookmarks/2" lastBookmarkId="0"/>
    <open-files xmlns="http://www.netbeans.org/ns/projectui-open-files/2">
        <group>
            <file>file:/C:/Users/Usuario/Documents/NetBeansProjects/Ejecutable/src/ejecutable/ProfesorTitular.java</file>
            <file>file:/C:/Users/Usuario/Documents/NetBeansProjects/Ejecutable/src/ejecutable/ProfesorInterino.java</file>
            <file>file:/C:/Users/Usuario/Documents/NetBeansProjects/Ejecutable/src/ejecutable/Persona.java</file>
            <file>file:/C:/Users/Usuario/Documents/NetBeansProjects/Ejecutable/src/ejecutable/Ejecutable.java</file>
            <file>file:/C:/Users/Usuario/Documents/NetBeansProjects/Ejecutable/src/ejecutable/Profesor.java</file>
        </group>
    </open-files>
</project-private>
